listingId,sellerId,sellerName,title,description,brand,category,price,specifications
L0001,S01,GadgetZone,"iPhone 15 Pro Max 256GB Natural Titanium (New Edition 2025)","Apple flagship smartphone with A17 Pro chip.",Apple,Smartphones,1282.07,"storage:256GB;gen:2"
L0002,S05,SoundExpress,"S24 Galaxy Ultra 512GB Titanium Black","Samsung AI smartphone with S Pen.",Samsung,Smartphones,1262.93,"storage:256GB;gen:3"
L0003,S10,iStore,"MacBook Air 15 Apple M2 8 GB 256 GB Midnight","Thin and light Apple M2 laptop 15-inch display.",Apple,Laptops,1267.64,"storage:256GB;gen:4"
L0004,S07,MegaRetail,"Dell XPS 13 9315 Intel i7 16GB 512GB","Ultra-portable Dell XPS 13 laptop.",Dell,Laptops,1123.29,"storage:256GB;gen:5"
L0005,S04,iStore,"Sony WH-CH720N Noise Cancelling Headphones (New Edition 2025)","Affordable Sony wireless over-ear noise cancelling headset.",Sony,Audio,154.37,"storage:256GB;gen:1"
L0006,S12,PCWorld,"SoundLink Bose Flex Bluetooth Speaker","Portable waterproof wireless speaker from Bose.",Bose,Audio,138.64,"storage:256GB;gen:2"
L0007,S02,SoundExpress,"Logitech MX Keys S Wireless Keyboard","Advanced wireless illuminated keyboard from Logitech.",Logitech,Accessories,109.60,"storage:256GB;gen:3"
L0008,S20,GadgetZone,"ASUS TUF Gaming 27-inch 165Hz Monitor","ASUS TUF Gaming 1080p 165Hz IPS monitor.",ASUS,Monitors,205.13,"storage:256GB;gen:4"
L0009,S06,PCWorld,"Lenovo ThinkPad X1 Carbon Gen 11 i7 32GB 1TB (New Edition 2025)","Lenovo business flagship laptop ThinkPad X1.",Lenovo,Laptops,1804.88,"storage:256GB;gen:5"
L0010,S12,TechHub,"Pixel Google Watch 2 Matte Black","Google smart watch with Fitbit health tracking.",Google,Accessories,352.09,"storage:256GB;gen:1"
L0011,S03,TechHub,"iPhone 15 Pro Max 256 GB Natural Titanium","Apple flagship smartphone with A17 Pro chip.",Apple,Smartphones,1284.25,"storage:256GB;gen:2"
L0012,S01,iStore,"Galaxy S24 Ultra 512GB Titanium Black","Samsung AI smartphone with S Pen.",Samsung,Smartphones,1247.77,"storage:256GB;gen:3"
L0013,S09,AudioWorld,"MacBook Air 15 M2 8GB 256GB Midnight (New Edition 2025)","Thin and light Apple M2 laptop 15-inch display.",Apple,Laptops,1204.92,"storage:256GB;gen:4"
L0014,S09,iStore,"XPS Dell 13 9315 Intel i7 16GB 512GB","Ultra-portable Dell XPS 13 laptop.",Dell,Laptops,1160.57,"storage:256GB;gen:5"
L0015,S16,MegaRetail,"Sony WH-CH720N Noise Cancelling Headphones","Affordable Sony wireless over-ear noise cancelling headset.",Sony,Audio,141.65,"storage:256GB;gen:1"
L0016,S08,iStore,"Bose SoundLink Flex Bluetooth Speaker","Portable waterproof wireless speaker from Bose.",Bose,Audio,138.67,"storage:256GB;gen:2"
L0017,S20,TechHub,"Logitech MX Keys S Wireless Keyboard (New Edition 2025)","Advanced wireless illuminated keyboard from Logitech.",Logitech,Accessories,111.60,"storage:256GB;gen:3"
L0018,S20,MegaRetail,"TUF ASUS Gaming 27-inch 165Hz Monitor","ASUS TUF Gaming 1080p 165Hz IPS monitor.",ASUS,Monitors,198.86,"storage:256GB;gen:4"
L0019,S17,GalaxyStore,"Lenovo ThinkPad X1 Carbon Gen 11 i7 32 GB 1TB","Lenovo business flagship laptop ThinkPad X1.",Lenovo,Laptops,1970.75,"storage:256GB;gen:5"
L0020,S13,TechHub,"Google Pixel Watch 2 Matte Black","Google smart watch with Fitbit health tracking.",Google,Accessories,331.65,"storage:256GB;gen:1"
L0021,S01,GalaxyStore,"iPhone 15 Pro Max 256GB Natural Titanium (New Edition 2025)","Apple flagship smartphone with A17 Pro chip.",Apple,Smartphones,1287.63,"storage:256GB;gen:2"
L0022,S05,MegaRetail,"S24 Galaxy Ultra 512GB Titanium Black","Samsung AI smartphone with S Pen.",Samsung,Smartphones,1302.03,"storage:256GB;gen:3"
L0023,S17,SoundExpress,"MacBook Air 15 Apple M2 8 GB 256 GB Midnight","Thin and light Apple M2 laptop 15-inch display.",Apple,Laptops,1295.53,"storage:256GB;gen:4"
L0024,S08,TechHub,"Dell XPS 13 9315 Intel i7 16GB 512GB","Ultra-portable Dell XPS 13 laptop.",Dell,Laptops,1118.22,"storage:256GB;gen:5"
L0025,S07,GalaxyStore,"Sony WH-CH720N Noise Cancelling Headphones (New Edition 2025)","Affordable Sony wireless over-ear noise cancelling headset.",Sony,Audio,152.57,"storage:256GB;gen:1"
L0026,S05,AudioWorld,"SoundLink Bose Flex Bluetooth Speaker","Portable waterproof wireless speaker from Bose.",Bose,Audio,140.02,"storage:256GB;gen:2"
L0027,S10,TechHub,"Logitech MX Keys S Wireless Keyboard","Advanced wireless illuminated keyboard from Logitech.",Logitech,Accessories,115.71,"storage:256GB;gen:3"
L0028,S15,MegaRetail,"ASUS TUF Gaming 27-inch 165Hz Monitor","ASUS TUF Gaming 1080p 165Hz IPS monitor.",ASUS,Monitors,188.87,"storage:256GB;gen:4"
L0029,S07,MegaRetail,"Lenovo ThinkPad X1 Carbon Gen 11 i7 32GB 1TB (New Edition 2025)","Lenovo business flagship laptop ThinkPad X1.",Lenovo,Laptops,1787.27,"storage:256GB;gen:5"
L0030,S12,AudioWorld,"Pixel Google Watch 2 Matte Black","Google smart watch with Fitbit health tracking.",Google,Accessories,358.46,"storage:256GB;gen:1"
L0031,S06,GadgetZone,"iPhone 15 Pro Max 256 GB Natural Titanium","Apple flagship smartphone with A17 Pro chip.",Apple,Smartphones,1209.62,"storage:256GB;gen:2"
L0032,S17,MegaRetail,"Galaxy S24 Ultra 512GB Titanium Black","Samsung AI smartphone with S Pen.",Samsung,Smartphones,1195.39,"storage:256GB;gen:3"
L0033,S18,AudioWorld,"MacBook Air 15 M2 8GB 256GB Midnight (New Edition 2025)","Thin and light Apple M2 laptop 15-inch display.",Apple,Laptops,1337.08,"storage:256GB;gen:4"
L0034,S11,GalaxyStore,"XPS Dell 13 9315 Intel i7 16GB 512GB","Ultra-portable Dell XPS 13 laptop.",Dell,Laptops,1103.51,"storage:256GB;gen:5"
L0035,S20,GalaxyStore,"Sony WH-CH720N Noise Cancelling Headphones","Affordable Sony wireless over-ear noise cancelling headset.",Sony,Audio,156.59,"storage:256GB;gen:1"
L0036,S07,SoundExpress,"Bose SoundLink Flex Bluetooth Speaker","Portable waterproof wireless speaker from Bose.",Bose,Audio,150.62,"storage:256GB;gen:2"
L0037,S13,MegaRetail,"Logitech MX Keys S Wireless Keyboard (New Edition 2025)","Advanced wireless illuminated keyboard from Logitech.",Logitech,Accessories,116.51,"storage:256GB;gen:3"
L0038,S02,GalaxyStore,"TUF ASUS Gaming 27-inch 165Hz Monitor","ASUS TUF Gaming 1080p 165Hz IPS monitor.",ASUS,Monitors,212.81,"storage:256GB;gen:4"
L0039,S18,GalaxyStore,"Lenovo ThinkPad X1 Carbon Gen 11 i7 32 GB 1TB","Lenovo business flagship laptop ThinkPad X1.",Lenovo,Laptops,1876.37,"storage:256GB;gen:5"
L0040,S06,MegaRetail,"Google Pixel Watch 2 Matte Black","Google smart watch with Fitbit health tracking.",Google,Accessories,341.33,"storage:256GB;gen:1"
L0041,S03,GadgetZone,"iPhone 15 Pro Max 256GB Natural Titanium (New Edition 2025)","Apple flagship smartphone with A17 Pro chip.",Apple,Smartphones,1144.87,"storage:256GB;gen:2"
L0042,S07,MegaRetail,"S24 Galaxy Ultra 512GB Titanium Black","Samsung AI smartphone with S Pen.",Samsung,Smartphones,1201.21,"storage:256GB;gen:3"
L0043,S12,SoundExpress,"MacBook Air 15 Apple M2 8 GB 256 GB Midnight","Thin and light Apple M2 laptop 15-inch display.",Apple,Laptops,1331.14,"storage:256GB;gen:4"
L0044,S06,GadgetZone,"Dell XPS 13 9315 Intel i7 16GB 512GB","Ultra-portable Dell XPS 13 laptop.",Dell,Laptops,1134.01,"storage:256GB;gen:5"
L0045,S01,TechHub,"Sony WH-CH720N Noise Cancelling Headphones (New Edition 2025)","Affordable Sony wireless over-ear noise cancelling headset.",Sony,Audio,137.38,"storage:256GB;gen:1"
L0046,S04,TechHub,"SoundLink Bose Flex Bluetooth Speaker","Portable waterproof wireless speaker from Bose.",Bose,Audio,150.05,"storage:256GB;gen:2"
L0047,S11,MegaRetail,"Logitech MX Keys S Wireless Keyboard","Advanced wireless illuminated keyboard from Logitech.",Logitech,Accessories,101.95,"storage:256GB;gen:3"
L0048,S19,MegaRetail,"ASUS TUF Gaming 27-inch 165Hz Monitor","ASUS TUF Gaming 1080p 165Hz IPS monitor.",ASUS,Monitors,213.55,"storage:256GB;gen:4"
L0049,S20,MegaRetail,"Lenovo ThinkPad X1 Carbon Gen 11 i7 32GB 1TB (New Edition 2025)","Lenovo business flagship laptop ThinkPad X1.",Lenovo,Laptops,1845.76,"storage:256GB;gen:5"
L0050,S12,GadgetZone,"Pixel Google Watch 2 Matte Black","Google smart watch with Fitbit health tracking.",Google,Accessories,372.09,"storage:256GB;gen:1"
L0051,S02,GalaxyStore,"iPhone 15 Pro Max 256 GB Natural Titanium","Apple flagship smartphone with A17 Pro chip.",Apple,Smartphones,1107.40,"storage:256GB;gen:2"
L0052,S06,AudioWorld,"Galaxy S24 Ultra 512GB Titanium Black","Samsung AI smartphone with S Pen.",Samsung,Smartphones,1312.81,"storage:256GB;gen:3"
L0053,S04,TechHub,"MacBook Air 15 M2 8GB 256GB Midnight (New Edition 2025)","Thin and light Apple M2 laptop 15-inch display.",Apple,Laptops,1337.26,"storage:256GB;gen:4"
L0054,S13,SoundExpress,"XPS Dell 13 9315 Intel i7 16GB 512GB","Ultra-portable Dell XPS 13 laptop.",Dell,Laptops,1150.45,"storage:256GB;gen:5"
L0055,S11,GalaxyStore,"Sony WH-CH720N Noise Cancelling Headphones","Affordable Sony wireless over-ear noise cancelling headset.",Sony,Audio,142.89,"storage:256GB;gen:1"
L0056,S20,MegaRetail,"Bose SoundLink Flex Bluetooth Speaker","Portable waterproof wireless speaker from Bose.",Bose,Audio,145.59,"storage:256GB;gen:2"
L0057,S18,MegaRetail,"Logitech MX Keys S Wireless Keyboard (New Edition 2025)","Advanced wireless illuminated keyboard from Logitech.",Logitech,Accessories,117.08,"storage:256GB;gen:3"
L0058,S14,AudioWorld,"TUF ASUS Gaming 27-inch 165Hz Monitor","ASUS TUF Gaming 1080p 165Hz IPS monitor.",ASUS,Monitors,189.49,"storage:256GB;gen:4"
L0059,S18,TechHub,"Lenovo ThinkPad X1 Carbon Gen 11 i7 32 GB 1TB","Lenovo business flagship laptop ThinkPad X1.",Lenovo,Laptops,1735.36,"storage:256GB;gen:5"
L0060,S14,GalaxyStore,"Google Pixel Watch 2 Matte Black","Google smart watch with Fitbit health tracking.",Google,Accessories,328.22,"storage:256GB;gen:1"
L0061,S17,PCWorld,"iPhone 15 Pro Max 256GB Natural Titanium (New Edition 2025)","Apple flagship smartphone with A17 Pro chip.",Apple,Smartphones,1125.36,"storage:256GB;gen:2"
L0062,S18,TechHub,"S24 Galaxy Ultra 512GB Titanium Black","Samsung AI smartphone with S Pen.",Samsung,Smartphones,1361.60,"storage:256GB;gen:3"
L0063,S15,GalaxyStore,"MacBook Air 15 Apple M2 8 GB 256 GB Midnight","Thin and light Apple M2 laptop 15-inch display.",Apple,Laptops,1380.83,"storage:256GB;gen:4"
L0064,S18,iStore,"Dell XPS 13 9315 Intel i7 16GB 512GB","Ultra-portable Dell XPS 13 laptop.",Dell,Laptops,1110.21,"storage:256GB;gen:5"
L0065,S16,SoundExpress,"Sony WH-CH720N Noise Cancelling Headphones (New Edition 2025)","Affordable Sony wireless over-ear noise cancelling headset.",Sony,Audio,136.79,"storage:256GB;gen:1"
L0066,S01,PCWorld,"SoundLink Bose Flex Bluetooth Speaker","Portable waterproof wireless speaker from Bose.",Bose,Audio,137.94,"storage:256GB;gen:2"
L0067,S11,GadgetZone,"Logitech MX Keys S Wireless Keyboard","Advanced wireless illuminated keyboard from Logitech.",Logitech,Accessories,108.97,"storage:256GB;gen:3"
L0068,S15,TechHub,"ASUS TUF Gaming 27-inch 165Hz Monitor","ASUS TUF Gaming 1080p 165Hz IPS monitor.",ASUS,Monitors,210.02,"storage:256GB;gen:4"
L0069,S10,TechHub,"Lenovo ThinkPad X1 Carbon Gen 11 i7 32GB 1TB (New Edition 2025)","Lenovo business flagship laptop ThinkPad X1.",Lenovo,Laptops,1911.71,"storage:256GB;gen:5"
L0070,S09,GalaxyStore,"Pixel Google Watch 2 Matte Black","Google smart watch with Fitbit health tracking.",Google,Accessories,327.97,"storage:256GB;gen:1"
L0071,S19,GadgetZone,"iPhone 15 Pro Max 256 GB Natural Titanium","Apple flagship smartphone with A17 Pro chip.",Apple,Smartphones,1115.31,"storage:256GB;gen:2"
L0072,S12,GadgetZone,"Galaxy S24 Ultra 512GB Titanium Black","Samsung AI smartphone with S Pen.",Samsung,Smartphones,1316.78,"storage:256GB;gen:3"
L0073,S20,iStore,"MacBook Air 15 M2 8GB 256GB Midnight (New Edition 2025)","Thin and light Apple M2 laptop 15-inch display.",Apple,Laptops,1258.52,"storage:256GB;gen:4"
L0074,S18,GalaxyStore,"XPS Dell 13 9315 Intel i7 16GB 512GB","Ultra-portable Dell XPS 13 laptop.",Dell,Laptops,1035.60,"storage:256GB;gen:5"
L0075,S07,GalaxyStore,"Sony WH-CH720N Noise Cancelling Headphones","Affordable Sony wireless over-ear noise cancelling headset.",Sony,Audio,143.06,"storage:256GB;gen:1"
L0076,S19,TechHub,"Bose SoundLink Flex Bluetooth Speaker","Portable waterproof wireless speaker from Bose.",Bose,Audio,159.27,"storage:256GB;gen:2"
L0077,S13,MegaRetail,"Logitech MX Keys S Wireless Keyboard (New Edition 2025)","Advanced wireless illuminated keyboard from Logitech.",Logitech,Accessories,108.09,"storage:256GB;gen:3"
L0078,S12,SoundExpress,"TUF ASUS Gaming 27-inch 165Hz Monitor","ASUS TUF Gaming 1080p 165Hz IPS monitor.",ASUS,Monitors,204.78,"storage:256GB;gen:4"
L0079,S19,PCWorld,"Lenovo ThinkPad X1 Carbon Gen 11 i7 32 GB 1TB","Lenovo business flagship laptop ThinkPad X1.",Lenovo,Laptops,1896.51,"storage:256GB;gen:5"
L0080,S07,SoundExpress,"Google Pixel Watch 2 Matte Black","Google smart watch with Fitbit health tracking.",Google,Accessories,375.30,"storage:256GB;gen:1"
L0081,S04,iStore,"iPhone 15 Pro Max 256GB Natural Titanium (New Edition 2025)","Apple flagship smartphone with A17 Pro chip.",Apple,Smartphones,1112.22,"storage:256GB;gen:2"
L0082,S12,AudioWorld,"S24 Galaxy Ultra 512GB Titanium Black","Samsung AI smartphone with S Pen.",Samsung,Smartphones,1371.69,"storage:256GB;gen:3"
L0083,S16,SoundExpress,"MacBook Air 15 Apple M2 8 GB 256 GB Midnight","Thin and light Apple M2 laptop 15-inch display.",Apple,Laptops,1206.68,"storage:256GB;gen:4"
L0084,S13,iStore,"Dell XPS 13 9315 Intel i7 16GB 512GB","Ultra-portable Dell XPS 13 laptop.",Dell,Laptops,1150.23,"storage:256GB;gen:5"
L0085,S19,iStore,"Sony WH-CH720N Noise Cancelling Headphones (New Edition 2025)","Affordable Sony wireless over-ear noise cancelling headset.",Sony,Audio,152.53,"storage:256GB;gen:1"
L0086,S02,SoundExpress,"SoundLink Bose Flex Bluetooth Speaker","Portable waterproof wireless speaker from Bose.",Bose,Audio,149.81,"storage:256GB;gen:2"
L0087,S14,MegaRetail,"Logitech MX Keys S Wireless Keyboard","Advanced wireless illuminated keyboard from Logitech.",Logitech,Accessories,108.74,"storage:256GB;gen:3"
L0088,S09,PCWorld,"ASUS TUF Gaming 27-inch 165Hz Monitor","ASUS TUF Gaming 1080p 165Hz IPS monitor.",ASUS,Monitors,208.59,"storage:256GB;gen:4"
L0089,S17,SoundExpress,"Lenovo ThinkPad X1 Carbon Gen 11 i7 32GB 1TB (New Edition 2025)","Lenovo business flagship laptop ThinkPad X1.",Lenovo,Laptops,1755.13,"storage:256GB;gen:5"
L0090,S08,iStore,"Pixel Google Watch 2 Matte Black","Google smart watch with Fitbit health tracking.",Google,Accessories,334.70,"storage:256GB;gen:1"
L0091,S06,GadgetZone,"iPhone 15 Pro Max 256 GB Natural Titanium","Apple flagship smartphone with A17 Pro chip.",Apple,Smartphones,1284.04,"storage:256GB;gen:2"
L0092,S05,MegaRetail,"Galaxy S24 Ultra 512GB Titanium Black","Samsung AI smartphone with S Pen.",Samsung,Smartphones,1234.92,"storage:256GB;gen:3"
L0093,S20,AudioWorld,"MacBook Air 15 M2 8GB 256GB Midnight (New Edition 2025)","Thin and light Apple M2 laptop 15-inch display.",Apple,Laptops,1369.08,"storage:256GB;gen:4"
L0094,S12,iStore,"XPS Dell 13 9315 Intel i7 16GB 512GB","Ultra-portable Dell XPS 13 laptop.",Dell,Laptops,1182.56,"storage:256GB;gen:5"
L0095,S17,TechHub,"Sony WH-CH720N Noise Cancelling Headphones","Affordable Sony wireless over-ear noise cancelling headset.",Sony,Audio,156.06,"storage:256GB;gen:1"
L0096,S20,iStore,"Bose SoundLink Flex Bluetooth Speaker","Portable waterproof wireless speaker from Bose.",Bose,Audio,152.31,"storage:256GB;gen:2"
L0097,S02,MegaRetail,"Logitech MX Keys S Wireless Keyboard (New Edition 2025)","Advanced wireless illuminated keyboard from Logitech.",Logitech,Accessories,106.20,"storage:256GB;gen:3"
L0098,S04,GalaxyStore,"TUF ASUS Gaming 27-inch 165Hz Monitor","ASUS TUF Gaming 1080p 165Hz IPS monitor.",ASUS,Monitors,209.87,"storage:256GB;gen:4"
L0099,S11,AudioWorld,"Lenovo ThinkPad X1 Carbon Gen 11 i7 32 GB 1TB","Lenovo business flagship laptop ThinkPad X1.",Lenovo,Laptops,1874.32,"storage:256GB;gen:5"
L0100,S08,GalaxyStore,"Google Pixel Watch 2 Matte Black","Google smart watch with Fitbit health tracking.",Google,Accessories,355.55,"storage:256GB;gen:1"
L0101,S08,GalaxyStore,"iPhone 15 Pro Max 256GB Natural Titanium (New Edition 2025)","Apple flagship smartphone with A17 Pro chip.",Apple,Smartphones,1169.70,"storage:256GB;gen:2"
L0102,S05,SoundExpress,"S24 Galaxy Ultra 512GB Titanium Black","Samsung AI smartphone with S Pen.",Samsung,Smartphones,1292.54,"storage:256GB;gen:3"
L0103,S12,MegaRetail,"MacBook Air 15 Apple M2 8 GB 256 GB Midnight","Thin and light Apple M2 laptop 15-inch display.",Apple,Laptops,1213.04,"storage:256GB;gen:4"
L0104,S07,PCWorld,"Dell XPS 13 9315 Intel i7 16GB 512GB","Ultra-portable Dell XPS 13 laptop.",Dell,Laptops,1175.23,"storage:256GB;gen:5"
L0105,S01,AudioWorld,"Sony WH-CH720N Noise Cancelling Headphones (New Edition 2025)","Affordable Sony wireless over-ear noise cancelling headset.",Sony,Audio,144.84,"storage:256GB;gen:1"
L0106,S10,TechHub,"SoundLink Bose Flex Bluetooth Speaker","Portable waterproof wireless speaker from Bose.",Bose,Audio,146.34,"storage:256GB;gen:2"
L0107,S09,iStore,"Logitech MX Keys S Wireless Keyboard","Advanced wireless illuminated keyboard from Logitech.",Logitech,Accessories,101.92,"storage:256GB;gen:3"
L0108,S04,GadgetZone,"ASUS TUF Gaming 27-inch 165Hz Monitor","ASUS TUF Gaming 1080p 165Hz IPS monitor.",ASUS,Monitors,194.10,"storage:256GB;gen:4"
L0109,S14,iStore,"Lenovo ThinkPad X1 Carbon Gen 11 i7 32GB 1TB (New Edition 2025)","Lenovo business flagship laptop ThinkPad X1.",Lenovo,Laptops,1892.29,"storage:256GB;gen:5"
L0110,S13,GalaxyStore,"Pixel Google Watch 2 Matte Black","Google smart watch with Fitbit health tracking.",Google,Accessories,371.93,"storage:256GB;gen:1"
L0111,S07,iStore,"iPhone 15 Pro Max 256 GB Natural Titanium","Apple flagship smartphone with A17 Pro chip.",Apple,Smartphones,1240.33,"storage:256GB;gen:2"
L0112,S03,SoundExpress,"Galaxy S24 Ultra 512GB Titanium Black","Samsung AI smartphone with S Pen.",Samsung,Smartphones,1274.86,"storage:256GB;gen:3"
L0113,S20,SoundExpress,"MacBook Air 15 M2 8GB 256GB Midnight (New Edition 2025)","Thin and light Apple M2 laptop 15-inch display.",Apple,Laptops,1391.98,"storage:256GB;gen:4"
L0114,S01,AudioWorld,"XPS Dell 13 9315 Intel i7 16GB 512GB","Ultra-portable Dell XPS 13 laptop.",Dell,Laptops,1051.09,"storage:256GB;gen:5"
L0115,S13,GalaxyStore,"Sony WH-CH720N Noise Cancelling Headphones","Affordable Sony wireless over-ear noise cancelling headset.",Sony,Audio,152.59,"storage:256GB;gen:1"
L0116,S16,SoundExpress,"Bose SoundLink Flex Bluetooth Speaker","Portable waterproof wireless speaker from Bose.",Bose,Audio,154.40,"storage:256GB;gen:2"
L0117,S03,MegaRetail,"Logitech MX Keys S Wireless Keyboard (New Edition 2025)","Advanced wireless illuminated keyboard from Logitech.",Logitech,Accessories,104.76,"storage:256GB;gen:3"
L0118,S12,SoundExpress,"TUF ASUS Gaming 27-inch 165Hz Monitor","ASUS TUF Gaming 1080p 165Hz IPS monitor.",ASUS,Monitors,206.16,"storage:256GB;gen:4"
L0119,S09,iStore,"Lenovo ThinkPad X1 Carbon Gen 11 i7 32 GB 1TB","Lenovo business flagship laptop ThinkPad X1.",Lenovo,Laptops,1824.19,"storage:256GB;gen:5"
L0120,S19,PCWorld,"Google Pixel Watch 2 Matte Black","Google smart watch with Fitbit health tracking.",Google,Accessories,363.42,"storage:256GB;gen:1"
L0121,S16,MegaRetail,"iPhone 15 Pro Max 256GB Natural Titanium (New Edition 2025)","Apple flagship smartphone with A17 Pro chip.",Apple,Smartphones,1272.52,"storage:256GB;gen:2"
L0122,S14,PCWorld,"S24 Galaxy Ultra 512GB Titanium Black","Samsung AI smartphone with S Pen.",Samsung,Smartphones,1350.02,"storage:256GB;gen:3"
L0123,S03,PCWorld,"MacBook Air 15 Apple M2 8 GB 256 GB Midnight","Thin and light Apple M2 laptop 15-inch display.",Apple,Laptops,1307.62,"storage:256GB;gen:4"
L0124,S01,AudioWorld,"Dell XPS 13 9315 Intel i7 16GB 512GB","Ultra-portable Dell XPS 13 laptop.",Dell,Laptops,1039.88,"storage:256GB;gen:5"
L0125,S03,GadgetZone,"Sony WH-CH720N Noise Cancelling Headphones (New Edition 2025)","Affordable Sony wireless over-ear noise cancelling headset.",Sony,Audio,152.39,"storage:256GB;gen:1"
L0126,S03,MegaRetail,"SoundLink Bose Flex Bluetooth Speaker","Portable waterproof wireless speaker from Bose.",Bose,Audio,144.04,"storage:256GB;gen:2"
L0127,S08,GadgetZone,"Logitech MX Keys S Wireless Keyboard","Advanced wireless illuminated keyboard from Logitech.",Logitech,Accessories,108.99,"storage:256GB;gen:3"
L0128,S03,GadgetZone,"ASUS TUF Gaming 27-inch 165Hz Monitor","ASUS TUF Gaming 1080p 165Hz IPS monitor.",ASUS,Monitors,204.45,"storage:256GB;gen:4"
L0129,S09,iStore,"Lenovo ThinkPad X1 Carbon Gen 11 i7 32GB 1TB (New Edition 2025)","Lenovo business flagship laptop ThinkPad X1.",Lenovo,Laptops,1840.75,"storage:256GB;gen:5"
L0130,S03,PCWorld,"Pixel Google Watch 2 Matte Black","Google smart watch with Fitbit health tracking.",Google,Accessories,343.74,"storage:256GB;gen:1"
L0131,S11,PCWorld,"iPhone 15 Pro Max 256 GB Natural Titanium","Apple flagship smartphone with A17 Pro chip.",Apple,Smartphones,1177.20,"storage:256GB;gen:2"
L0132,S05,iStore,"Galaxy S24 Ultra 512GB Titanium Black","Samsung AI smartphone with S Pen.",Samsung,Smartphones,1260.24,"storage:256GB;gen:3"
L0133,S02,iStore,"MacBook Air 15 M2 8GB 256GB Midnight (New Edition 2025)","Thin and light Apple M2 laptop 15-inch display.",Apple,Laptops,1327.68,"storage:256GB;gen:4"
L0134,S17,PCWorld,"XPS Dell 13 9315 Intel i7 16GB 512GB","Ultra-portable Dell XPS 13 laptop.",Dell,Laptops,1048.11,"storage:256GB;gen:5"
L0135,S06,AudioWorld,"Sony WH-CH720N Noise Cancelling Headphones","Affordable Sony wireless over-ear noise cancelling headset.",Sony,Audio,140.63,"storage:256GB;gen:1"
L0136,S07,MegaRetail,"Bose SoundLink Flex Bluetooth Speaker","Portable waterproof wireless speaker from Bose.",Bose,Audio,156.55,"storage:256GB;gen:2"
L0137,S11,iStore,"Logitech MX Keys S Wireless Keyboard (New Edition 2025)","Advanced wireless illuminated keyboard from Logitech.",Logitech,Accessories,106.94,"storage:256GB;gen:3"
L0138,S10,MegaRetail,"TUF ASUS Gaming 27-inch 165Hz Monitor","ASUS TUF Gaming 1080p 165Hz IPS monitor.",ASUS,Monitors,210.53,"storage:256GB;gen:4"
L0139,S13,GadgetZone,"Lenovo ThinkPad X1 Carbon Gen 11 i7 32 GB 1TB","Lenovo business flagship laptop ThinkPad X1.",Lenovo,Laptops,1823.38,"storage:256GB;gen:5"
L0140,S03,PCWorld,"Google Pixel Watch 2 Matte Black","Google smart watch with Fitbit health tracking.",Google,Accessories,375.81,"storage:256GB;gen:1"
L0141,S08,SoundExpress,"iPhone 15 Pro Max 256GB Natural Titanium (New Edition 2025)","Apple flagship smartphone with A17 Pro chip.",Apple,Smartphones,1136.79,"storage:256GB;gen:2"
L0142,S10,GadgetZone,"S24 Galaxy Ultra 512GB Titanium Black","Samsung AI smartphone with S Pen.",Samsung,Smartphones,1379.44,"storage:256GB;gen:3"
L0143,S12,MegaRetail,"MacBook Air 15 Apple M2 8 GB 256 GB Midnight","Thin and light Apple M2 laptop 15-inch display.",Apple,Laptops,1277.80,"storage:256GB;gen:4"
L0144,S12,SoundExpress,"Dell XPS 13 9315 Intel i7 16GB 512GB","Ultra-portable Dell XPS 13 laptop.",Dell,Laptops,1039.23,"storage:256GB;gen:5"
L0145,S05,AudioWorld,"Sony WH-CH720N Noise Cancelling Headphones (New Edition 2025)","Affordable Sony wireless over-ear noise cancelling headset.",Sony,Audio,148.38,"storage:256GB;gen:1"
L0146,S15,PCWorld,"SoundLink Bose Flex Bluetooth Speaker","Portable waterproof wireless speaker from Bose.",Bose,Audio,152.67,"storage:256GB;gen:2"
L0147,S12,MegaRetail,"Logitech MX Keys S Wireless Keyboard","Advanced wireless illuminated keyboard from Logitech.",Logitech,Accessories,112.92,"storage:256GB;gen:3"
L0148,S19,TechHub,"ASUS TUF Gaming 27-inch 165Hz Monitor","ASUS TUF Gaming 1080p 165Hz IPS monitor.",ASUS,Monitors,190.22,"storage:256GB;gen:4"
L0149,S16,GadgetZone,"Lenovo ThinkPad X1 Carbon Gen 11 i7 32GB 1TB (New Edition 2025)","Lenovo business flagship laptop ThinkPad X1.",Lenovo,Laptops,1760.04,"storage:256GB;gen:5"
L0150,S02,GadgetZone,"Pixel Google Watch 2 Matte Black","Google smart watch with Fitbit health tracking.",Google,Accessories,374.78,"storage:256GB;gen:1"
L0151,S09,GalaxyStore,"iPhone 15 Pro Max 256 GB Natural Titanium","Apple flagship smartphone with A17 Pro chip.",Apple,Smartphones,1204.76,"storage:256GB;gen:2"
L0152,S13,SoundExpress,"Galaxy S24 Ultra 512GB Titanium Black","Samsung AI smartphone with S Pen.",Samsung,Smartphones,1316.57,"storage:256GB;gen:3"
L0153,S05,PCWorld,"MacBook Air 15 M2 8GB 256GB Midnight (New Edition 2025)","Thin and light Apple M2 laptop 15-inch display.",Apple,Laptops,1294.79,"storage:256GB;gen:4"
L0154,S12,TechHub,"XPS Dell 13 9315 Intel i7 16GB 512GB","Ultra-portable Dell XPS 13 laptop.",Dell,Laptops,1184.22,"storage:256GB;gen:5"
L0155,S09,AudioWorld,"Sony WH-CH720N Noise Cancelling Headphones","Affordable Sony wireless over-ear noise cancelling headset.",Sony,Audio,157.94,"storage:256GB;gen:1"
L0156,S05,GalaxyStore,"Bose SoundLink Flex Bluetooth Speaker","Portable waterproof wireless speaker from Bose.",Bose,Audio,141.30,"storage:256GB;gen:2"
L0157,S03,GadgetZone,"Logitech MX Keys S Wireless Keyboard (New Edition 2025)","Advanced wireless illuminated keyboard from Logitech.",Logitech,Accessories,112.26,"storage:256GB;gen:3"
L0158,S06,GadgetZone,"TUF ASUS Gaming 27-inch 165Hz Monitor","ASUS TUF Gaming 1080p 165Hz IPS monitor.",ASUS,Monitors,185.12,"storage:256GB;gen:4"
L0159,S03,SoundExpress,"Lenovo ThinkPad X1 Carbon Gen 11 i7 32 GB 1TB","Lenovo business flagship laptop ThinkPad X1.",Lenovo,Laptops,1926.47,"storage:256GB;gen:5"
L0160,S10,iStore,"Google Pixel Watch 2 Matte Black","Google smart watch with Fitbit health tracking.",Google,Accessories,348.84,"storage:256GB;gen:1"
L0161,S13,TechHub,"iPhone 15 Pro Max 256GB Natural Titanium (New Edition 2025)","Apple flagship smartphone with A17 Pro chip.",Apple,Smartphones,1142.69,"storage:256GB;gen:2"
L0162,S07,iStore,"S24 Galaxy Ultra 512GB Titanium Black","Samsung AI smartphone with S Pen.",Samsung,Smartphones,1211.89,"storage:256GB;gen:3"
L0163,S08,MegaRetail,"MacBook Air 15 Apple M2 8 GB 256 GB Midnight","Thin and light Apple M2 laptop 15-inch display.",Apple,Laptops,1286.27,"storage:256GB;gen:4"
L0164,S10,PCWorld,"Dell XPS 13 9315 Intel i7 16GB 512GB","Ultra-portable Dell XPS 13 laptop.",Dell,Laptops,1021.60,"storage:256GB;gen:5"
L0165,S05,GadgetZone,"Sony WH-CH720N Noise Cancelling Headphones (New Edition 2025)","Affordable Sony wireless over-ear noise cancelling headset.",Sony,Audio,139.94,"storage:256GB;gen:1"
L0166,S01,MegaRetail,"SoundLink Bose Flex Bluetooth Speaker","Portable waterproof wireless speaker from Bose.",Bose,Audio,146.66,"storage:256GB;gen:2"
L0167,S12,GadgetZone,"Logitech MX Keys S Wireless Keyboard","Advanced wireless illuminated keyboard from Logitech.",Logitech,Accessories,103.62,"storage:256GB;gen:3"
L0168,S19,GalaxyStore,"ASUS TUF Gaming 27-inch 165Hz Monitor","ASUS TUF Gaming 1080p 165Hz IPS monitor.",ASUS,Monitors,211.42,"storage:256GB;gen:4"
L0169,S17,GalaxyStore,"Lenovo ThinkPad X1 Carbon Gen 11 i7 32GB 1TB (New Edition 2025)","Lenovo business flagship laptop ThinkPad X1.",Lenovo,Laptops,1756.54,"storage:256GB;gen:5"
L0170,S19,iStore,"Pixel Google Watch 2 Matte Black","Google smart watch with Fitbit health tracking.",Google,Accessories,356.51,"storage:256GB;gen:1"
L0171,S08,GalaxyStore,"iPhone 15 Pro Max 256 GB Natural Titanium","Apple flagship smartphone with A17 Pro chip.",Apple,Smartphones,1130.62,"storage:256GB;gen:2"
L0172,S13,TechHub,"Galaxy S24 Ultra 512GB Titanium Black","Samsung AI smartphone with S Pen.",Samsung,Smartphones,1385.08,"storage:256GB;gen:3"
L0173,S02,TechHub,"MacBook Air 15 M2 8GB 256GB Midnight (New Edition 2025)","Thin and light Apple M2 laptop 15-inch display.",Apple,Laptops,1201.81,"storage:256GB;gen:4"
L0174,S07,PCWorld,"XPS Dell 13 9315 Intel i7 16GB 512GB","Ultra-portable Dell XPS 13 laptop.",Dell,Laptops,1130.76,"storage:256GB;gen:5"
L0175,S01,TechHub,"Sony WH-CH720N Noise Cancelling Headphones","Affordable Sony wireless over-ear noise cancelling headset.",Sony,Audio,144.80,"storage:256GB;gen:1"
L0176,S13,SoundExpress,"Bose SoundLink Flex Bluetooth Speaker","Portable waterproof wireless speaker from Bose.",Bose,Audio,145.67,"storage:256GB;gen:2"
L0177,S11,SoundExpress,"Logitech MX Keys S Wireless Keyboard (New Edition 2025)","Advanced wireless illuminated keyboard from Logitech.",Logitech,Accessories,112.38,"storage:256GB;gen:3"
L0178,S17,AudioWorld,"TUF ASUS Gaming 27-inch 165Hz Monitor","ASUS TUF Gaming 1080p 165Hz IPS monitor.",ASUS,Monitors,209.39,"storage:256GB;gen:4"
L0179,S19,MegaRetail,"Lenovo ThinkPad X1 Carbon Gen 11 i7 32 GB 1TB","Lenovo business flagship laptop ThinkPad X1.",Lenovo,Laptops,1896.29,"storage:256GB;gen:5"
L0180,S15,TechHub,"Google Pixel Watch 2 Matte Black","Google smart watch with Fitbit health tracking.",Google,Accessories,350.93,"storage:256GB;gen:1"
L0181,S17,PCWorld,"iPhone 15 Pro Max 256GB Natural Titanium (New Edition 2025)","Apple flagship smartphone with A17 Pro chip.",Apple,Smartphones,1166.06,"storage:256GB;gen:2"
L0182,S13,iStore,"S24 Galaxy Ultra 512GB Titanium Black","Samsung AI smartphone with S Pen.",Samsung,Smartphones,1373.10,"storage:256GB;gen:3"
L0183,S14,GalaxyStore,"MacBook Air 15 Apple M2 8 GB 256 GB Midnight","Thin and light Apple M2 laptop 15-inch display.",Apple,Laptops,1350.56,"storage:256GB;gen:4"
L0184,S19,GalaxyStore,"Dell XPS 13 9315 Intel i7 16GB 512GB","Ultra-portable Dell XPS 13 laptop.",Dell,Laptops,1113.84,"storage:256GB;gen:5"
L0185,S17,TechHub,"Sony WH-CH720N Noise Cancelling Headphones (New Edition 2025)","Affordable Sony wireless over-ear noise cancelling headset.",Sony,Audio,147.48,"storage:256GB;gen:1"
L0186,S12,GadgetZone,"SoundLink Bose Flex Bluetooth Speaker","Portable waterproof wireless speaker from Bose.",Bose,Audio,147.39,"storage:256GB;gen:2"
L0187,S07,AudioWorld,"Logitech MX Keys S Wireless Keyboard","Advanced wireless illuminated keyboard from Logitech.",Logitech,Accessories,114.70,"storage:256GB;gen:3"
L0188,S18,AudioWorld,"ASUS TUF Gaming 27-inch 165Hz Monitor","ASUS TUF Gaming 1080p 165Hz IPS monitor.",ASUS,Monitors,186.64,"storage:256GB;gen:4"
L0189,S19,TechHub,"Lenovo ThinkPad X1 Carbon Gen 11 i7 32GB 1TB (New Edition 2025)","Lenovo business flagship laptop ThinkPad X1.",Lenovo,Laptops,1784.25,"storage:256GB;gen:5"
L0190,S10,PCWorld,"Pixel Google Watch 2 Matte Black","Google smart watch with Fitbit health tracking.",Google,Accessories,333.40,"storage:256GB;gen:1"
L0191,S02,AudioWorld,"iPhone 15 Pro Max 256 GB Natural Titanium","Apple flagship smartphone with A17 Pro chip.",Apple,Smartphones,1252.00,"storage:256GB;gen:2"
L0192,S01,TechHub,"Galaxy S24 Ultra 512GB Titanium Black","Samsung AI smartphone with S Pen.",Samsung,Smartphones,1351.54,"storage:256GB;gen:3"
L0193,S20,GalaxyStore,"MacBook Air 15 M2 8GB 256GB Midnight (New Edition 2025)","Thin and light Apple M2 laptop 15-inch display.",Apple,Laptops,1322.13,"storage:256GB;gen:4"
L0194,S04,PCWorld,"XPS Dell 13 9315 Intel i7 16GB 512GB","Ultra-portable Dell XPS 13 laptop.",Dell,Laptops,1101.00,"storage:256GB;gen:5"
L0195,S09,TechHub,"Sony WH-CH720N Noise Cancelling Headphones","Affordable Sony wireless over-ear noise cancelling headset.",Sony,Audio,153.80,"storage:256GB;gen:1"
L0196,S12,AudioWorld,"Bose SoundLink Flex Bluetooth Speaker","Portable waterproof wireless speaker from Bose.",Bose,Audio,139.03,"storage:256GB;gen:2"
L0197,S04,SoundExpress,"Logitech MX Keys S Wireless Keyboard (New Edition 2025)","Advanced wireless illuminated keyboard from Logitech.",Logitech,Accessories,103.11,"storage:256GB;gen:3"
L0198,S02,SoundExpress,"TUF ASUS Gaming 27-inch 165Hz Monitor","ASUS TUF Gaming 1080p 165Hz IPS monitor.",ASUS,Monitors,193.11,"storage:256GB;gen:4"
L0199,S15,SoundExpress,"Lenovo ThinkPad X1 Carbon Gen 11 i7 32 GB 1TB","Lenovo business flagship laptop ThinkPad X1.",Lenovo,Laptops,1952.05,"storage:256GB;gen:5"
L0200,S16,GalaxyStore,"Google Pixel Watch 2 Matte Black","Google smart watch with Fitbit health tracking.",Google,Accessories,346.71,"storage:256GB;gen:1"
L0201,S12,GadgetZone,"iPhone 15 Pro Max 256GB Natural Titanium (New Edition 2025)","Apple flagship smartphone with A17 Pro chip.",Apple,Smartphones,1282.49,"storage:256GB;gen:2"
L0202,S13,GalaxyStore,"S24 Galaxy Ultra 512GB Titanium Black","Samsung AI smartphone with S Pen.",Samsung,Smartphones,1231.38,"storage:256GB;gen:3"
L0203,S20,GadgetZone,"MacBook Air 15 Apple M2 8 GB 256 GB Midnight","Thin and light Apple M2 laptop 15-inch display.",Apple,Laptops,1216.36,"storage:256GB;gen:4"
L0204,S17,iStore,"Dell XPS 13 9315 Intel i7 16GB 512GB","Ultra-portable Dell XPS 13 laptop.",Dell,Laptops,1130.81,"storage:256GB;gen:5"
L0205,S08,SoundExpress,"Sony WH-CH720N Noise Cancelling Headphones (New Edition 2025)","Affordable Sony wireless over-ear noise cancelling headset.",Sony,Audio,156.65,"storage:256GB;gen:1"
L0206,S05,TechHub,"SoundLink Bose Flex Bluetooth Speaker","Portable waterproof wireless speaker from Bose.",Bose,Audio,141.42,"storage:256GB;gen:2"
L0207,S07,GalaxyStore,"Logitech MX Keys S Wireless Keyboard","Advanced wireless illuminated keyboard from Logitech.",Logitech,Accessories,112.55,"storage:256GB;gen:3"
L0208,S19,PCWorld,"ASUS TUF Gaming 27-inch 165Hz Monitor","ASUS TUF Gaming 1080p 165Hz IPS monitor.",ASUS,Monitors,200.51,"storage:256GB;gen:4"
L0209,S17,GadgetZone,"Lenovo ThinkPad X1 Carbon Gen 11 i7 32GB 1TB (New Edition 2025)","Lenovo business flagship laptop ThinkPad X1.",Lenovo,Laptops,1893.10,"storage:256GB;gen:5"
L0210,S11,GadgetZone,"Pixel Google Watch 2 Matte Black","Google smart watch with Fitbit health tracking.",Google,Accessories,373.48,"storage:256GB;gen:1"
L0211,S06,GalaxyStore,"iPhone 15 Pro Max 256 GB Natural Titanium","Apple flagship smartphone with A17 Pro chip.",Apple,Smartphones,1145.00,"storage:256GB;gen:2"
L0212,S19,GalaxyStore,"Galaxy S24 Ultra 512GB Titanium Black","Samsung AI smartphone with S Pen.",Samsung,Smartphones,1342.69,"storage:256GB;gen:3"
L0213,S15,GadgetZone,"MacBook Air 15 M2 8GB 256GB Midnight (New Edition 2025)","Thin and light Apple M2 laptop 15-inch display.",Apple,Laptops,1363.65,"storage:256GB;gen:4"
L0214,S16,AudioWorld,"XPS Dell 13 9315 Intel i7 16GB 512GB","Ultra-portable Dell XPS 13 laptop.",Dell,Laptops,1089.11,"storage:256GB;gen:5"
L0215,S19,iStore,"Sony WH-CH720N Noise Cancelling Headphones","Affordable Sony wireless over-ear noise cancelling headset.",Sony,Audio,151.47,"storage:256GB;gen:1"
L0216,S06,PCWorld,"Bose SoundLink Flex Bluetooth Speaker","Portable waterproof wireless speaker from Bose.",Bose,Audio,147.00,"storage:256GB;gen:2"
L0217,S14,GalaxyStore,"Logitech MX Keys S Wireless Keyboard (New Edition 2025)","Advanced wireless illuminated keyboard from Logitech.",Logitech,Accessories,106.83,"storage:256GB;gen:3"
L0218,S03,SoundExpress,"TUF ASUS Gaming 27-inch 165Hz Monitor","ASUS TUF Gaming 1080p 165Hz IPS monitor.",ASUS,Monitors,188.09,"storage:256GB;gen:4"
L0219,S13,TechHub,"Lenovo ThinkPad X1 Carbon Gen 11 i7 32 GB 1TB","Lenovo business flagship laptop ThinkPad X1.",Lenovo,Laptops,1808.57,"storage:256GB;gen:5"
L0220,S08,iStore,"Google Pixel Watch 2 Matte Black","Google smart watch with Fitbit health tracking.",Google,Accessories,321.34,"storage:256GB;gen:1"
